nom,ville,age,salaire,depenses
id929,ville9,-1.2753114513235964,-1.5247849388606225,-1.0332026969804378
id269,ville7,1.034756387084077,0.014108208979701048,-1.7910362414749912
id995,ville7,-0.8646327244955656,-0.1770687906989121,-0.6198389454379541
id239,ville13,1.1374260687910847,-1.5071378311979813,-1.6532483242941631
id293,ville7,0.8807518645235655,1.8030020487074419,0.4135704334182549
id753,ville11,0.21339893342801533,0.3059390819933789,0.8269341849607384
id493,ville7,-1.5319856555911158,0.09057900885114631,0.00020668187577124964
id560,ville7,-0.7619630427885579,-1.194718665911222,0.20688855764701305
id140,ville2,1.4967699547656117,-1.1352413771223202,-1.2398845727516796
id528,ville7,1.3427654322051001,-1.1192282609099236,-0.20647519389547056
id507,ville5,0.4700731376955346,-1.1411237463432007,-1.3776724899325075
id421,ville7,-0.40261915681403093,-1.0506006199996523,-0.13758123530505662
id557,ville7,-1.2239766104700927,-1.1672676095471135,-1.2398845727516796
id715,ville7,1.2400957504980925,0.755286730810632,-0.7576268626187821
id650,ville10,-0.09461011169300779,-0.007787276453576013,-0.3442631110762984
id98,ville3,-0.5566236793745425,-0.1421013736636786,0.5513583505990828
id908,ville2,-0.5566236793745425,0.06280115419698884,0.275782516237427
id418,ville5,-1.4806508147376118,-0.20125186416253155,-1.0332026969804378
id671,ville7,-0.6592933610815502,0.7020186095326595,0.20688855764701305
id173,ville7,-0.14594495254651163,0.3114946529242104,0.00020668187577124964
id120,ville7,1.5481047956191156,-1.0751104917533205,-1.0332026969804378
id494,ville7,-0.6079585202280463,-0.3035397289478408,-1.3087785313420934
id357,ville0,-0.8646327244955656,0.3121482495043082,-0.2753691524858845
id277,ville11,-1.3266462921771003,0.2284878872517869,1.0336160607319802
id197,ville7,0.67541250110955,0.8487510417646207,-0.13758123530505662
id460,ville8,0.8294170236700616,-0.3551738587755688,-0.9643087383900238
id6,ville7,-0.09461011169300779,1.2141115300393035,0.8958281435511524
id406,ville8,0.67541250110955,0.1709713882031785,0.06910064046618519
id608,ville7,-1.1213069287630848,-0.33621955795273195,-0.2753691524858845
id245,ville0,1.2914305913515962,-1.0783784746538096,-0.41315706966671234
id498,ville18,0.9320867053770693,1.3252229486559335,2.9626469012635703
id78,ville7,0.2647337742815192,-0.2313173068470314,-1.5843543657037493
id584,ville18,0.9834215462305732,0.4905801158710138,0.7580402263703245
id696,ville7,1.6507744773261233,-0.8385085297579087,-0.41315706966671234
id422,ville15,1.034756387084077,0.8454830588641316,-0.13758123530505662
id370,ville5,-0.09461011169300779,-0.7633449230466591,-0.4820510282571263
id168,ville18,1.4454351139121078,-0.2783762606140746,0.20688855764701305
id969,ville5,-0.35128431596052706,-0.9355676219024354,-0.41315706966671234
id812,ville13,1.034756387084077,0.37358632803350356,0.6202523091894967
id497,ville5,0.8807518645235655,-1.0541954011901902,-0.7576268626187821
id817,ville5,-1.3779811330306042,1.5382954337678236,1.240297936503222
id794,ville9,-1.1726417696165887,-0.5914490224809317,-0.826520821209196
id741,ville7,1.4967699547656117,-1.6287067950961764,-2.204399993017475
id340,ville0,-0.6592933610815502,-2.928056796330648,-2.617763744559958
id46,ville7,0.8807518645235655,-0.34242872546366127,-0.6198389454379541
id13,ville7,1.4454351139121078,0.12031765324559725,-0.2753691524858845
id691,ville7,0.1620640925745115,-0.15746089329597743,0.275782516237427
id853,ville16,1.086091227937581,-0.6349131950574369,-1.4465664485229215
id949,ville16,-0.7619630427885579,-2.499951036366574,-2.204399993017475
id348,ville7,-0.8132978836420618,0.25397815387560196,-0.13758123530505662
id542,ville9,1.1887609096445886,-0.24700362476937912,0.06910064046618519
id295,ville1,0.8294170236700616,-1.6983148308765945,-0.8954147797996099
id320,ville7,-1.1213069287630848,-2.0790348387835764,-1.6532483242941631
id462,ville3,1.2400957504980925,-1.0617117618613152,-0.9643087383900238
id633,ville7,-0.24861463425351935,1.4392755518830036,1.8603435638169474
id188,ville7,0.31606861513502305,-1.604850519922606,0.20688855764701305
id521,ville7,0.31606861513502305,-0.7604037384362189,0.4135704334182549
id718,ville7,0.31606861513502305,0.12358563614608635,-0.20647519389547056
id768,ville7,1.3427654322051001,-0.7025604410975615,-1.5154604071133353
id951,ville7,-0.1972797934000155,0.1569190617310753,-0.7576268626187821
id399,ville7,0.1620640925745115,0.991561894515995,1.309191895093636
id857,ville0,1.1887609096445886,1.4592102475759872,1.1714039779128083
id682,ville7,0.8294170236700616,0.9814311475244787,1.1714039779128083
id900,ville17,0.8294170236700616,1.6497336506745024,0.8958281435511524
id333,ville7,-0.9673024062025734,-0.29635016656676477,-0.2753691524858845
id49,ville3,-0.8132978836420618,1.6830670762594915,1.5847677294552918
id795,ville7,-1.429315973884108,-0.6110569198838663,-0.7576268626187821
id35,ville5,-0.5052888385210387,-0.3182456520000418,-1.1709906141612656
id209,ville7,0.41873829684203073,-1.021515572185299,-0.2753691524858845
id597,ville16,0.2647337742815192,1.552020961949878,-0.13758123530505662
id835,ville7,-0.2999494751070232,0.014108208979701048,-0.20647519389547056
id110,ville5,-1.1726417696165887,-0.173800807798423,-0.20647519389547056
id107,ville7,-0.9673024062025734,0.858554990466088,0.275782516237427
id464,ville7,-0.5052888385210387,-1.615308065204171,-0.2753691524858845
id384,ville7,1.753444159033131,0.2853507897202975,-0.7576268626187821
id776,ville7,0.4700731376955346,0.6866590899003606,2.1359193981786033
id582,ville8,1.3427654322051001,-0.13033663522191777,0.06910064046618519
id539,ville0,1.2400957504980925,-1.3561570211953844,0.20688855764701305
id442,ville7,-0.7619630427885579,0.8350255135825664,0.00020668187577124964
id229,ville7,-1.4806508147376118,0.45136432106514446,0.5513583505990828
id580,ville2,0.41873829684203073,1.6745703207182197,1.0336160607319802
id72,ville7,1.5481047956191156,0.14123274380872758,-0.2753691524858845
id595,ville7,-0.09461011169300779,0.718358524035105,0.6891462677799106
id906,ville7,1.6507744773261233,1.138947923328054,2.480389191130673
id243,ville18,0.008059570013999925,-0.487200367955329,-0.13758123530505662
id968,ville16,0.7267473419630539,0.3065926785734767,1.0336160607319802
id841,ville7,0.8294170236700616,0.8281627494915392,0.20688855764701305
id178,ville7,1.5481047956191156,2.0399308089929025,2.618177108311501
id775,ville2,-0.2999494751070232,-1.2456991991588522,-1.5843543657037493
id297,ville8,0.11072925172100763,-0.4930827371762094,-0.3442631110762984
id664,ville3,-1.0186372470560772,1.7497339274294692,-0.13758123530505662
id861,ville7,1.034756387084077,0.41116813138912833,0.4135704334182549
id261,ville5,-1.5833204964446195,0.2346970547627162,-0.2753691524858845
id749,ville1,-1.5833204964446195,-1.242758014548412,-1.0332026969804378
id910,ville18,1.1374260687910847,-0.2574611700509443,-0.13758123530505662
id536,ville3,-0.40261915681403093,0.44548195184426403,-0.41315706966671234
id189,ville7,0.11072925172100763,0.3729327314534057,-0.2753691524858845
id914,ville7,-0.8132978836420618,0.05920637300645082,-0.3442631110762984
id588,ville1,1.4454351139121078,-1.036548293527549,-0.4820510282571263
id804,ville8,1.4967699547656117,0.2719520598282921,0.5513583505990828
id468,ville7,0.8294170236700616,-1.6885108821751271,-0.6887329040283681
id502,ville7,-1.3779811330306042,-0.046676272969396464,-0.4820510282571263
id244,ville0,-0.6592933610815502,0.11737646863515704,1.1025100193223942
id711,ville10,-0.24861463425351935,2.0971205097514622,1.37808585368405
id34,ville18,1.753444159033131,-0.6525603027200781,0.5513583505990828
id283,ville15,0.7267473419630539,0.6157438609597469,0.06910064046618519
id778,ville8,0.8807518645235655,0.6458093036442467,1.37808585368405
id871,ville7,-0.5566236793745425,0.3729327314534057,0.6891462677799106
id252,ville7,1.5481047956191156,-0.06072859944149966,0.9647221021415664
id159,ville8,-1.4806508147376118,0.7500579581698494,1.5158737708648777
id614,ville18,0.31606861513502305,0.2543049521656509,-0.2753691524858845
id922,ville7,-0.8646327244955656,1.017378959429859,0.8958281435511524
id230,ville15,0.9320867053770693,0.4180308954801555,-1.5154604071133353
id538,ville7,0.3674034559885269,-0.16661124541734693,0.3446764748278409
id22,ville18,0.2647337742815192,-0.6463511352091488,-0.06868727671464268
id475,ville18,-1.5319856555911158,0.8464634537342783,-0.7576268626187821
id212,ville7,-0.45395399766753475,1.2549613162954174,0.275782516237427
id879,ville9,1.6507744773261233,0.029467728611999883,-0.41315706966671234
id997,ville15,-0.45395399766753475,-0.03458473623758675,-1.1020966555708518
id398,ville7,-0.24861463425351935,0.07946786698948333,-0.2753691524858845
id58,ville7,-0.5052888385210387,0.30986066147396585,-0.2753691524858845
id878,ville7,0.9320867053770693,-0.6519067061399804,0.20688855764701305
id989,ville0,-0.8132978836420618,-1.3878564553301287,-1.3087785313420934
id621,ville18,-1.1726417696165887,0.688946677930703,-0.8954147797996099
id3,ville7,1.4454351139121078,0.5549593790106494,0.4824643920086688
id811,ville13,-0.1972797934000155,0.6399269344233663,0.6891462677799106
id0,ville0,-0.45395399766753475,-0.37118697498796543,-0.20647519389547056
id129,ville0,0.2647337742815192,-0.26497753072206925,1.1714039779128083
id916,ville7,-1.2239766104700927,-0.18948712572077073,-0.3442631110762984
id267,ville12,0.9834215462305732,0.947117327069343,-0.06868727671464268
id302,ville8,0.008059570013999925,0.124892829306282,0.06910064046618519
id227,ville7,0.05939441086750378,0.3752203194837481,-0.9643087383900238
id449,ville7,-0.6079585202280463,0.19482766337674903,0.6202523091894967
id345,ville7,-1.0186372470560772,-0.35974903483625353,0.3446764748278409
id791,ville7,-0.1972797934000155,0.24482780175423247,-1.1709906141612656
id224,ville2,0.31606861513502305,0.3575732118211069,-0.6198389454379541
id553,ville18,1.2400957504980925,-0.07118614472306482,0.20688855764701305
id81,ville2,-1.0186372470560772,-0.03523833281768457,0.06910064046618519
id940,ville7,-0.5052888385210387,1.1108432703838476,0.4824643920086688
id986,ville11,-0.6079585202280463,-0.7352402701024527,-0.7576268626187821
id742,ville20,-0.8646327244955656,-0.8381817314678598,-1.3776724899325075
id114,ville7,-0.8132978836420618,0.23208266844232492,-0.6198389454379541
id717,ville7,-0.14594495254651163,1.2219546890004775,1.0336160607319802
id576,ville7,1.3427654322051001,-0.38001052881928604,-0.13758123530505662
id918,ville16,-0.09461011169300779,-0.2744546811334877,-0.41315706966671234
id802,ville7,-0.9159675653490694,0.1935204702165534,1.5158737708648777
id97,ville7,-1.069972087909581,1.141889107938494,2.204813356769017
id686,ville7,-0.9673024062025734,-0.2381800709380585,0.6891462677799106
id826,ville11,-0.8132978836420618,-0.4757624278036171,-0.20647519389547056
id321,ville4,1.5994396364726193,-0.20092506587248263,-0.7576268626187821
id952,ville7,-1.069972087909581,1.1147648498644345,1.1714039779128083
id635,ville10,-1.1726417696165887,0.09744177294217345,0.06910064046618519
id822,ville0,0.8294170236700616,-0.18360475649989033,0.6891462677799106
id276,ville7,-0.9673024062025734,-1.0587705772508749,-0.8954147797996099
id335,ville7,0.5214079785490384,-0.03164355162714654,-0.2753691524858845
id266,ville18,0.1620640925745115,0.6304497840119478,0.06910064046618519
id730,ville5,-1.1213069287630848,-0.4702068568727856,-1.3776724899325075
id86,ville8,-0.24861463425351935,-2.409427910023026,-1.3776724899325075
id543,ville4,0.5214079785490384,-0.42804987745647605,-1.7221422828845772
id480,ville6,-1.429315973884108,-1.386876060459982,-1.0332026969804378
id383,ville19,-0.04327527083950393,-1.6986416291666435,-1.1709906141612656
id820,ville16,0.1620640925745115,1.5163999483345465,0.9647221021415664
id278,ville20,0.9834215462305732,-1.0646529464717553,-0.7576268626187821
id377,ville8,0.05939441086750378,0.9513657048399788,-0.20647519389547056
id112,ville8,-1.4806508147376118,-0.36595820234718285,-0.13758123530505662
id104,ville7,-0.8646327244955656,0.45528590054573137,0.9647221021415664
id967,ville7,-0.2999494751070232,0.5101880132739485,-0.9643087383900238
id838,ville13,-0.7619630427885579,-1.5587719610257094,-2.8244456203312
id617,ville11,-1.2239766104700927,0.3637823793320362,0.6891462677799106
id649,ville7,1.2914305913515962,0.9052871459430823,0.6202523091894967
id247,ville9,1.1887609096445886,-0.34275552375371016,0.275782516237427
id750,ville7,1.6507744773261233,0.7069205838833932,0.00020668187577124964
id978,ville2,-0.14594495254651163,-0.13491181128260255,0.00020668187577124964
id979,ville7,0.11072925172100763,-1.6872036890149316,-0.5509449868475402
id736,ville7,0.9320867053770693,1.5275110901962097,1.240297936503222
id961,ville7,0.9834215462305732,0.7471167735594092,1.0336160607319802
id330,ville7,-1.429315973884108,1.201693195017445,0.1379945990565991
id455,ville7,1.1887609096445886,-0.29700376314686255,0.5513583505990828
id766,ville17,0.5214079785490384,-0.380337327109335,-0.06868727671464268
id354,ville7,1.753444159033131,-0.8738027450831911,-1.1020966555708518
id926,ville6,-1.069972087909581,2.1167284071543966,2.342601273949845
id92,ville7,0.2647337742815192,0.4177040971901066,-0.20647519389547056
id864,ville12,1.4967699547656117,0.22064472829061302,0.5513583505990828
id545,ville7,-1.6346553372981234,0.03731088757317375,0.1379945990565991
id996,ville17,-0.1972797934000155,-0.7097500034786376,0.5513583505990828
id786,ville9,1.4967699547656117,0.20169042746777618,0.06910064046618519
id351,ville19,0.11072925172100763,-1.0025612713624623,-0.3442631110762984
id363,ville7,-0.40261915681403093,-0.11889869507020588,1.7914496052265336
id537,ville7,1.6507744773261233,-0.2571343717608954,-1.1020966555708518
id459,ville5,0.5727428194025423,-0.8234758084156588,-0.06868727671464268
id628,ville7,-0.6079585202280463,-0.11399672071947221,-0.6198389454379541
id491,ville8,-0.9159675653490694,-1.305176487947754,-1.4465664485229215
id91,ville13,-1.5833204964446195,-0.4198799202052532,-0.41315706966671234
id681,ville7,0.008059570013999925,-0.14079418050348294,-0.5509449868475402
id764,ville7,0.2647337742815192,-1.382954480979395,-0.2753691524858845
id849,ville5,-1.5833204964446195,-0.12445426600103737,0.4135704334182549
id411,ville7,-0.45395399766753475,-1.283934599094575,-1.4465664485229215
id988,ville7,-1.2239766104700927,1.3320857127469605,-0.2753691524858845
id638,ville8,-0.7619630427885579,1.3435236528986725,0.20688855764701305
id945,ville7,-0.6079585202280463,-0.2577879683409932,-0.8954147797996099
id184,ville7,1.2914305913515962,0.23371665989256948,0.8269341849607384
id481,ville3,-0.710628201935054,-0.9071361706681801,-0.9643087383900238
id784,ville3,-1.5319856555911158,-0.28785341102549306,0.1379945990565991
id199,ville7,-0.7619630427885579,-0.052885440480325785,-1.1020966555708518
id698,ville16,-0.8132978836420618,-0.2682455136225584,-1.1020966555708518
id62,ville7,-1.3779811330306042,0.8029992811577731,-0.2753691524858845
id16,ville7,-1.2753114513235964,-1.7796876050987736,-0.8954147797996099
id921,ville10,-0.35128431596052706,0.18665770612552626,0.6891462677799106
id847,ville8,-0.710628201935054,-0.04994425586988558,0.1379945990565991
id83,ville2,-0.40261915681403093,0.4686846304377368,0.3446764748278409
id401,ville0,0.9320867053770693,0.44776953987460644,0.8958281435511524
id842,ville7,-1.2239766104700927,-0.2783762606140746,0.4135704334182549
id54,ville0,0.8807518645235655,-1.3888368502002755,-0.9643087383900238
id124,ville7,0.7780821828165577,-1.025437151665886,0.20688855764701305
id797,ville7,1.394100273058604,0.9297970176967507,1.5158737708648777
id694,ville19,0.8294170236700616,-1.194718665911222,-0.6198389454379541
id134,ville7,-1.069972087909581,0.8376398999029577,-0.3442631110762984
id809,ville13,0.11072925172100763,0.9494049150996854,1.1025100193223942
id315,ville2,1.6507744773261233,1.7422175667583444,1.7225556466361196
id448,ville7,-0.8132978836420618,0.5546325807206004,-0.41315706966671234
id790,ville7,-0.8646327244955656,-0.9724958286779624,-1.1020966555708518
id709,ville7,-1.069972087909581,-0.0679181618225757,-0.5509449868475402
id484,ville19,1.4454351139121078,-0.19961787271228698,-0.06868727671464268
id618,ville5,0.9320867053770693,-0.8489660750394739,-0.6198389454379541
id133,ville19,0.21339893342801533,-1.5983145541216277,-1.2398845727516796
id898,ville7,-0.2999494751070232,0.8611693767864793,1.446979812274464
id971,ville6,1.4967699547656117,-0.5911222241908828,0.7580402263703245
id5,ville5,1.6507744773261233,0.17783415229420566,0.4135704334182549
id510,ville7,-0.24861463425351935,-0.9649794680068374,-0.9643087383900238
id904,ville17,-1.3779811330306042,-0.13000983693186888,-0.20647519389547056
id180,ville7,-0.40261915681403093,-0.12282027455079281,0.00020668187577124964
id689,ville7,0.3674034559885269,-1.8090994512031755,-1.1020966555708518
id963,ville7,0.2647337742815192,0.0023434705379402395,-0.13758123530505662
id704,ville14,-0.1972797934000155,1.1121504635440433,2.8248589840827427
id423,ville0,-1.6346553372981234,0.11574247718491248,-0.4820510282571263
id610,ville12,-0.9159675653490694,-0.24961801108977041,-0.5509449868475402
id136,ville7,0.31606861513502305,1.8771852605485448,1.7225556466361196
id196,ville1,1.086091227937581,0.8945028023714683,0.8269341849607384
id9,ville11,0.7267473419630539,-1.106483127598016,-0.06868727671464268
id452,ville7,-1.6346553372981234,0.31639662727494405,-0.20647519389547056
id827,ville7,-1.5833204964446195,-0.022819997795825935,0.3446764748278409
id602,ville7,1.4967699547656117,2.2680360154470427,1.0336160607319802
id994,ville11,0.008059570013999925,0.2346970547627162,0.20688855764701305
id262,ville11,-0.6592933610815502,2.1111728362235653,1.8603435638169474
id201,ville7,-0.6592933610815502,1.9474468929090607,1.7914496052265336
id954,ville8,1.1887609096445886,1.2288174530915046,-0.06868727671464268
id796,ville2,-0.8132978836420618,0.42325966812093807,0.6202523091894967
id725,ville7,-0.6592933610815502,0.6565936472158608,-0.6887329040283681
id144,ville16,-0.8132978836420618,0.5516913961101603,0.00020668187577124964
id466,ville7,0.9320867053770693,1.8706492947475666,0.5513583505990828
id920,ville7,-0.14594495254651163,-0.15778769158602632,-0.2753691524858845
id192,ville9,0.4700731376955346,0.7180317257450561,-0.20647519389547056
id313,ville5,-1.2239766104700927,1.2114971437189124,-0.06868727671464268
id150,ville7,-1.2239766104700927,0.24482780175423247,-0.3442631110762984
id207,ville7,-1.5319856555911158,0.2990763179023518,0.20688855764701305
id265,ville18,-1.1726417696165887,-1.2087709923833252,-1.1020966555708518
id74,ville9,-1.2753114513235964,1.2438501744337545,-1.1709906141612656
id454,ville7,0.6240776602560462,-0.2342584914574716,-0.4820510282571263
id640,ville2,1.1374260687910847,1.4562690629655468,1.1714039779128083
id413,ville7,-0.1972797934000155,-0.41661193730476415,1.240297936503222
id892,ville7,-1.6346553372981234,1.4762037586585306,0.1379945990565991
id155,ville7,-0.14594495254651163,-0.5280501542114429,-0.9643087383900238
id296,ville20,1.2914305913515962,1.4030009416875744,0.9647221021415664
id205,ville18,0.2647337742815192,0.16966419504298286,1.37808585368405
id672,ville20,-0.5052888385210387,0.6683583856576216,0.9647221021415664
id235,ville7,-0.1972797934000155,-0.8692275690225064,-1.5843543657037493
id577,ville7,-1.069972087909581,-1.537856870462579,-1.2398845727516796
id425,ville7,1.1374260687910847,-0.2280493239465423,0.20688855764701305
id745,ville16,0.21339893342801533,0.5278351209365897,-0.8954147797996099
id374,ville7,1.3427654322051001,1.540909820088215,-0.13758123530505662
id935,ville7,-1.1213069287630848,-0.3777229407889437,-0.826520821209196
id387,ville7,-0.04327527083950393,1.231431839411896,0.7580402263703245
id438,ville7,0.008059570013999925,0.25789973335618893,1.7914496052265336
id332,ville7,-1.4806508147376118,0.9252218416360659,-0.13758123530505662
id119,ville7,-1.429315973884108,-0.6496191181096379,-0.8954147797996099
id465,ville1,-1.3779811330306042,0.371952336583259,1.6536616880457058
id738,ville1,0.9834215462305732,-0.17347400950837408,-0.6198389454379541
id734,ville4,-1.1213069287630848,1.3209745708852976,0.6891462677799106
id316,ville7,1.5481047956191156,-0.02380039266597267,0.20688855764701305
id193,ville7,1.6507744773261233,-0.6470047317892467,-1.928824158655819
id877,ville6,-0.14594495254651163,-1.5649811285366386,-0.7576268626187821
id304,ville8,0.5214079785490384,-0.04438868493905409,0.00020668187577124964
id435,ville1,0.7267473419630539,0.8108424401189469,-0.13758123530505662
id430,ville2,-1.3779811330306042,0.8742413083884357,-0.06868727671464268
id482,ville7,1.4967699547656117,1.35626878621058,1.5847677294552918
id141,ville7,-0.04327527083950393,-1.3159608315193683,0.5513583505990828
id779,ville7,1.7021093181796272,1.179470911294119,1.5847677294552918
id11,ville7,-0.24861463425351935,1.2095363539786188,1.1714039779128083
id680,ville10,-0.6592933610815502,-0.7738024683282243,-1.1020966555708518
id186,ville7,-0.8646327244955656,1.2948307076813848,0.3446764748278409
id456,ville5,-1.4806508147376118,-0.14471575998406988,0.3446764748278409
id772,ville11,1.4454351139121078,0.9095355237137182,0.4135704334182549
id642,ville8,-0.7619630427885579,-1.2329540658469447,-1.3087785313420934
id214,ville7,-1.1726417696165887,-1.405176764702721,-0.13758123530505662
id713,ville7,-0.8132978836420618,-0.2028858556127761,0.06910064046618519
id483,ville7,1.753444159033131,0.2533245572955042,1.7914496052265336
id757,ville7,-0.1972797934000155,0.895809995531664,0.6202523091894967
id565,ville3,-0.9673024062025734,-1.5499484071943888,-1.3087785313420934
id733,ville5,0.008059570013999925,-1.13230019251188,-0.7576268626187821
id901,ville18,-1.1726417696165887,0.39123343569614477,0.4135704334182549
id364,ville7,1.5481047956191156,-2.3957023818409713,-1.7221422828845772
id950,ville0,-0.9159675653490694,-1.1499473001745213,-1.7221422828845772
id327,ville7,1.2914305913515962,1.4150924784193841,1.9981314809977755
id105,ville7,0.8807518645235655,-0.1917747137511131,1.1025100193223942
id496,ville7,-0.5566236793745425,-0.42935707061667167,-0.20647519389547056
id174,ville5,0.31606861513502305,-0.37282096643821,0.00020668187577124964
id782,ville12,0.7780821828165577,-0.3002717460473517,-0.20647519389547056
id26,ville16,-0.5052888385210387,-2.0270739106657993,-1.1020966555708518
id693,ville7,-0.6079585202280463,-1.0519078131598478,-1.4465664485229215
id157,ville7,-0.710628201935054,-0.16105567448651545,-0.5509449868475402
id964,ville11,-1.3779811330306042,0.06672273367757578,-1.0332026969804378
id919,ville7,0.31606861513502305,0.7846985769150341,0.275782516237427
id972,ville4,-1.3266462921771003,0.9098623220037672,0.6891462677799106
id880,ville16,0.4700731376955346,-0.6885081146254584,-1.2398845727516796
id338,ville4,0.41873829684203073,0.25005657439501505,1.7225556466361196
id121,ville9,-0.6592933610815502,-0.15190532236514592,-0.8954147797996099
id80,ville7,-0.5566236793745425,-0.6532138993001759,0.6891462677799106
id854,ville16,-0.09461011169300779,-0.3179188537099929,-0.3442631110762984
id492,ville7,-1.5833204964446195,-0.5159586174796332,-0.9643087383900238
id518,ville11,-1.4806508147376118,0.4343708099826011,0.1379945990565991
id953,ville13,-1.5833204964446195,-1.0035416662326089,-1.7221422828845772
id665,ville15,-1.069972087909581,1.17620292839363,0.9647221021415664
id512,ville8,0.3674034559885269,-0.11628430874981459,0.3446764748278409
id619,ville16,1.2400957504980925,0.9997318517672177,1.7225556466361196
id436,ville7,1.3427654322051001,0.44613554842436187,0.00020668187577124964
id562,ville13,0.7267473419630539,0.08338944647007025,-1.0332026969804378
id215,ville2,-1.2753114513235964,-0.11530391387966785,-0.4820510282571263
id535,ville7,0.5214079785490384,-0.29340898195632453,-0.6887329040283681
id519,ville8,-1.1726417696165887,1.4853541107799,0.275782516237427
id470,ville7,1.1887609096445886,-0.008114074743624924,0.6891462677799106
id800,ville12,-0.6592933610815502,-0.46269049620166064,1.1714039779128083
id57,ville2,-1.4806508147376118,0.5183579705251713,-0.2753691524858845
id291,ville9,-1.2753114513235964,0.7317572539271104,0.275782516237427
id447,ville13,-0.35128431596052706,-1.106809925888065,-0.41315706966671234
id200,ville7,-1.2239766104700927,-0.6267432378062141,-0.8954147797996099
id381,ville7,0.7267473419630539,1.444831122813835,1.5847677294552918
id965,ville7,-0.35128431596052706,0.5497306063698668,0.275782516237427
id987,ville7,1.1374260687910847,1.323588957205689,0.20688855764701305
id821,ville7,0.2647337742815192,-0.03164355162714654,0.5513583505990828
id636,ville7,-0.8646327244955656,0.2141087624896348,0.20688855764701305
id260,ville7,-1.1726417696165887,0.9291434211166528,-0.6887329040283681
id771,ville7,1.6507744773261233,-1.1515812916247659,-2.4799758273791306
id982,ville7,-1.6346553372981234,-0.9450447723138539,-1.0332026969804378
id165,ville8,0.9320867053770693,-0.3130168793592592,0.4824643920086688
id323,ville7,1.1887609096445886,-0.04308149177885844,-0.6887329040283681
id818,ville7,-1.2753114513235964,-2.1492964711440923,-1.5154604071133353
id412,ville15,-1.069972087909581,-1.169228399287407,-1.4465664485229215
id939,ville7,1.034756387084077,0.7304500607669148,1.8603435638169474
id931,ville20,0.3674034559885269,0.23077547528212927,-0.06868727671464268
id325,ville7,1.4967699547656117,-1.1666140129670157,-2.617763744559958
id451,ville7,0.8294170236700616,-0.23033691197688466,-0.3442631110762984
id360,ville10,0.3674034559885269,-0.9215152954303322,-0.4820510282571263
id219,ville7,-1.1213069287630848,0.3108410563441126,-0.20647519389547056
id863,ville5,-1.1726417696165887,0.15561186857087966,0.1379945990565991
id917,ville7,-0.5052888385210387,-1.4195558894648732,-0.9643087383900238
id4,ville3,1.086091227937581,-1.0313195208867665,-0.826520821209196
id684,ville7,0.31606861513502305,0.3059390819933789,0.9647221021415664
id158,ville7,1.5481047956191156,0.15757265831117315,0.20688855764701305
id746,ville18,1.6507744773261233,0.5480966149196222,1.309191895093636
id509,ville11,1.086091227937581,0.6428681190338065,0.5513583505990828
id759,ville6,0.3674034559885269,0.5085540218237039,0.4135704334182549
id40,ville7,-0.6592933610815502,1.7392763821479043,1.446979812274464
id957,ville7,-1.5319856555911158,-0.46367089107180737,-0.6887329040283681
id663,ville12,0.1620640925745115,0.3255469793963136,0.9647221021415664
id223,ville7,0.41873829684203073,0.12587322417642874,0.4824643920086688
id852,ville14,1.1887609096445886,-0.6166124908146979,-0.7576268626187821
id767,ville7,0.31606861513502305,-0.7440638239337733,-0.6198389454379541
id637,ville5,0.5727428194025423,0.3601875981414982,-0.7576268626187821
id850,ville7,-1.429315973884108,-0.004192495263037988,0.06910064046618519
id747,ville7,0.9320867053770693,0.3062658802834278,0.4135704334182549
id933,ville7,1.4454351139121078,-0.3218404331905798,1.1714039779128083
id226,ville7,0.008059570013999925,-0.1770687906989121,-0.7576268626187821
id806,ville9,0.7780821828165577,1.2830659692396238,0.5513583505990828
id299,ville7,0.7780821828165577,-1.1979866488117112,0.6891462677799106
id10,ville5,-1.3266462921771003,-0.23850686922810743,-1.1709906141612656
id221,ville7,-1.4806508147376118,-1.854524413519974,-0.5509449868475402
id446,ville5,0.1620640925745115,0.46051467318651396,0.3446764748278409
id489,ville7,-1.2239766104700927,-0.10844114978864071,0.06910064046618519
id314,ville7,0.31606861513502305,1.562478507231443,-0.13758123530505662
id24,ville7,-1.5833204964446195,-2.63622592331697,-2.2732939516078887
id980,ville7,0.5727428194025423,-0.734259875232306,-0.6198389454379541
id834,ville7,-0.14594495254651163,0.03829128244332049,0.6891462677799106
id285,ville7,-1.4806508147376118,0.09155940372129304,-0.20647519389547056
id441,ville13,1.2400957504980925,-0.8143254562942893,-0.2753691524858845
id307,ville7,0.008059570013999925,0.3892726459558513,1.37808585368405
id896,ville18,-0.1972797934000155,0.13208239168735805,0.6202523091894967
id288,ville10,-0.14594495254651163,1.7079037463032087,1.7225556466361196
id788,ville4,-0.24861463425351935,-0.34831109468454163,0.00020668187577124964
id63,ville7,0.008059570013999925,-0.09144763870609732,-0.20647519389547056
id378,ville18,1.7021093181796272,-1.1522348882048636,0.1379945990565991
id258,ville17,-1.6346553372981234,1.5203215278151336,0.4135704334182549
id56,ville7,1.7021093181796272,0.2454813983343303,-0.41315706966671234
id310,ville5,0.11072925172100763,0.8435222691238381,0.8958281435511524
id544,ville7,0.21339893342801533,0.5484234132096711,-0.06868727671464268
id281,ville7,0.1620640925745115,1.374569490453319,0.4824643920086688
id450,ville2,1.1887609096445886,-0.9943913141112394,-0.9643087383900238
id103,ville14,-1.3779811330306042,1.264438466706836,1.6536616880457058
id677,ville7,-1.1213069287630848,1.4382951570128568,0.1379945990565991
id647,ville20,-0.04327527083950393,-0.31987964345028636,-0.3442631110762984
id783,ville7,0.3674034559885269,1.5977727225567255,0.8958281435511524
id756,ville7,0.7780821828165577,-0.9858945585699678,-1.3776724899325075
id69,ville8,-0.45395399766753475,-1.1081171190482606,-1.0332026969804378
id334,ville7,0.8807518645235655,-0.5519064293850134,-1.3087785313420934
id73,ville2,0.05939441086750378,-0.6048477523729371,0.5513583505990828
id171,ville7,-0.24861463425351935,0.7007114163724638,1.240297936503222
id832,ville11,1.4454351139121078,-0.7166127675696647,1.446979812274464
id419,ville7,-0.6592933610815502,-0.05157824732013014,-0.6887329040283681
id14,ville12,0.11072925172100763,-0.7558285623755341,-2.1355060344270607
id137,ville7,-0.5566236793745425,0.04646123969454327,-1.0332026969804378
id958,ville7,0.008059570013999925,-0.5548476139954537,-1.1020966555708518
id417,ville18,-0.24861463425351935,2.429147572441156,2.411495232540259
id991,ville0,-1.0186372470560772,-0.2120362077341456,-1.3087785313420934
id336,ville2,0.41873829684203073,-0.4934095354662583,-0.5509449868475402
id386,ville7,0.9320867053770693,1.1624774002115756,0.6202523091894967
id385,ville8,-0.6079585202280463,0.6392733378432685,1.0336160607319802
id108,ville7,0.8807518645235655,-1.0470058388091141,0.9647221021415664
id23,ville5,0.21339893342801533,-2.499951036366574,-1.5154604071133353
id855,ville13,1.2400957504980925,1.8928715784708925,2.411495232540259
id981,ville4,-1.429315973884108,-0.35648105193576446,0.275782516237427
id195,ville12,-0.14594495254651163,1.4608442390262317,1.8603435638169474
id669,ville0,-1.429315973884108,-0.7682468973973927,-1.3776724899325075
id639,ville17,-1.1726417696165887,-0.24046765896840092,-1.928824158655819
id675,ville7,0.2647337742815192,0.018683385040385806,0.5513583505990828
id255,ville7,0.8294170236700616,-0.5780502925889264,-0.13758123530505662
id540,ville7,1.5481047956191156,0.3752203194837481,1.5847677294552918
id122,ville7,-0.5052888385210387,-1.40550356299277,-0.6887329040283681
id118,ville15,0.1620640925745115,0.6516916728651271,0.9647221021415664
id282,ville18,-1.3266462921771003,-0.04079390374851606,-0.3442631110762984
id924,ville5,-0.14594495254651163,-0.9277244629412615,-1.1709906141612656
id408,ville16,-0.2999494751070232,-0.11563071216971677,-0.826520821209196
id222,ville13,-1.1213069287630848,1.5016940252823456,0.7580402263703245
id477,ville7,1.753444159033131,-0.9711886355177667,0.8269341849607384
id652,ville5,-0.8646327244955656,-0.5711875284978992,-0.9643087383900238
id420,ville7,1.4967699547656117,0.9994050534771688,-0.13758123530505662
id68,ville8,-0.14594495254651163,0.9039799527828867,0.9647221021415664
id303,ville7,0.11072925172100763,-0.14144777708358075,0.20688855764701305
id690,ville18,-1.3779811330306042,-1.3963532108714005,-0.7576268626187821
id815,ville7,-1.3266462921771003,0.511822004724193,1.446979812274464
id884,ville5,1.753444159033131,1.4889488919704381,0.3446764748278409
id907,ville5,1.034756387084077,0.5301227089669321,-0.826520821209196
id395,ville1,-1.5833204964446195,-1.2989673204368248,0.1379945990565991
id625,ville7,0.11072925172100763,0.17325897623352088,0.275782516237427
id274,ville15,0.4700731376955346,0.9667252244722777,0.06910064046618519
id695,ville8,0.6240776602560462,-2.3911272057802866,-1.1709906141612656
id567,ville12,-0.09461011169300779,1.77359020260304,0.4824643920086688
id629,ville19,0.67541250110955,-0.5532136225452091,0.1379945990565991
id123,ville7,1.1887609096445886,0.9647644347319843,-0.5509449868475402
id485,ville7,0.008059570013999925,-2.0048516269424734,-3.5133852062353395
id394,ville7,-1.069972087909581,-3.0832859841038807,-1.6532483242941631
id915,ville7,0.3674034559885269,1.135353142137516,0.00020668187577124964
id658,ville9,0.6240776602560462,0.01704939359014125,-0.41315706966671234
id130,ville5,0.3674034559885269,0.9206466655753812,-0.4820510282571263
id88,ville7,-1.0186372470560772,1.1860068770950971,0.5513583505990828
id530,ville7,1.4967699547656117,2.2510425043644995,1.9292375224073615
id874,ville8,-0.09461011169300779,-0.8894890630055389,-2.4110818687887163
id589,ville12,-1.069972087909581,-1.0385090832678425,-1.5843543657037493
id409,ville14,-0.2999494751070232,-0.08654566435536365,0.9647221021415664
id380,ville7,0.31606861513502305,0.7023454078227084,0.8269341849607384
id44,ville7,-0.14594495254651163,-1.7957007213111702,-0.13758123530505662
id976,ville7,0.4700731376955346,0.9382937732380224,1.240297936503222
id758,ville13,0.7780821828165577,0.5732600832533884,-0.06868727671464268
id885,ville7,0.1620640925745115,-3.127730551550533,-1.6532483242941631
id204,ville18,-0.8646327244955656,-1.6777265386035132,-1.6532483242941631
id911,ville7,1.4967699547656117,0.6448289087741,0.1379945990565991
id932,ville7,-0.24861463425351935,0.5895999977558339,2.618177108311501
id793,ville13,-0.45395399766753475,0.27260565640838996,-0.7576268626187821
id405,ville7,1.086091227937581,0.2458081966243792,-0.06868727671464268
id941,ville7,-0.8132978836420618,0.7114957599440779,1.240297936503222
id194,ville18,-1.1213069287630848,1.773263404312991,1.0336160607319802
id836,ville7,0.008059570013999925,-0.5329521285621766,0.6202523091894967
id45,ville7,-1.1213069287630848,-0.08099009342453216,-0.3442631110762984
id403,ville0,-0.8132978836420618,-0.6499459163996868,-1.1709906141612656
id727,ville18,0.9834215462305732,1.3912362032458137,1.240297936503222
id346,ville7,1.3427654322051001,1.389602211795569,0.7580402263703245
id685,ville4,-0.6592933610815502,-0.8551752425504032,-0.6887329040283681
id777,ville17,-0.14594495254651163,0.05528479352586388,0.5513583505990828
id25,ville7,-1.4806508147376118,-0.5479848499044265,0.1379945990565991
id443,ville13,0.7267473419630539,-0.9718422320978646,0.6202523091894967
id674,ville16,-0.6592933610815502,1.0647647114869512,1.9981314809977755
id888,ville7,-0.8646327244955656,-1.0280515379862774,-0.4820510282571263
id634,ville7,-0.2999494751070232,0.08633063108051046,-0.2753691524858845
id740,ville2,0.7267473419630539,-1.3362223255024006,-0.41315706966671234
id656,ville18,0.7780821828165577,-0.2796834537742703,-0.6887329040283681
id41,ville8,0.11072925172100763,0.18600410954542843,0.8958281435511524
id33,ville18,-1.429315973884108,1.231431839411896,1.240297936503222
id70,ville0,-0.5052888385210387,1.8075772247681265,1.1025100193223942
id840,ville7,-0.8132978836420618,-0.240140860678352,-0.4820510282571263
id359,ville7,-1.1213069287630848,-0.9600774936561037,-0.5509449868475402
id503,ville11,-1.429315973884108,1.215745521489548,-0.2753691524858845
id744,ville7,0.8294170236700616,-1.2231501171454773,-0.06868727671464268
id561,ville9,0.2647337742815192,-0.605174550662986,-0.41315706966671234
id284,ville7,-1.5833204964446195,-0.041447500328613884,0.8958281435511524
id787,ville13,0.05939441086750378,-0.10680715833839616,0.1379945990565991
id458,ville7,-1.1213069287630848,-0.756482158955632,-0.6887329040283681
id82,ville18,-0.9159675653490694,-0.4005988210923675,0.00020668187577124964
id858,ville4,-0.8646327244955656,-0.5211873901204158,-0.6887329040283681
id819,ville7,-0.2999494751070232,-0.015303637124700974,-0.20647519389547056
id517,ville11,0.67541250110955,-0.08327768145487453,0.00020668187577124964
id615,ville7,-0.8132978836420618,1.086986995210277,0.7580402263703245
id504,ville2,1.3427654322051001,-1.5512556003545843,-0.6198389454379541
id668,ville7,1.7021093181796272,0.37325952974345467,0.6202523091894967
id960,ville19,0.008059570013999925,0.9657448296021309,1.8603435638169474
id844,ville18,1.5481047956191156,0.12979480365701568,-0.13758123530505662
id389,ville13,-1.2239766104700927,1.905943510072849,0.9647221021415664
id132,ville15,0.5214079785490384,-2.0522373789995654,-1.6532483242941631
id594,ville7,0.5727428194025423,-0.32837639899155807,0.4824643920086688
id653,ville20,-0.2999494751070232,-2.9992988235613107,-2.8244456203312
id161,ville7,1.2914305913515962,0.5683581089026547,1.446979812274464
id848,ville6,-0.5052888385210387,0.9160714895146964,0.8269341849607384
id407,ville4,-0.5052888385210387,1.382412649414493,0.7580402263703245
id547,ville2,-1.5833204964446195,0.6987506266321704,1.0336160607319802
id167,ville19,-1.6346553372981234,-0.4816447970244975,-1.0332026969804378
id210,ville20,1.6507744773261233,-0.7234755316606919,0.3446764748278409
id156,ville7,-0.8132978836420618,0.9438493441688539,0.4135704334182549
id365,ville7,-0.5052888385210387,-0.8218418169654143,-0.13758123530505662
id203,ville7,1.3427654322051001,0.11280129257447229,0.9647221021415664
id955,ville8,0.7780821828165577,1.7487535325593226,0.8958281435511524
id891,ville7,-0.24861463425351935,0.14123274380872758,0.20688855764701305
id433,ville12,1.086091227937581,-1.2090977906733742,-0.826520821209196
id280,ville18,-0.09461011169300779,-1.634262366027008,-0.9643087383900238
id410,ville8,1.034756387084077,-0.4793572089941551,0.06910064046618519
id676,ville19,1.4454351139121078,0.3516908426002265,1.37808585368405
id599,ville5,-0.40261915681403093,1.065418308067049,2.1359193981786033
id372,ville7,-1.5319856555911158,-0.7989659366619905,-0.9643087383900238
id79,ville2,0.4700731376955346,1.5758772371234484,0.7580402263703245
id309,ville7,0.3674034559885269,1.1007125233923314,-0.4820510282571263
id830,ville20,-0.5052888385210387,-0.5293573473716385,-0.5509449868475402
id575,ville5,1.2400957504980925,-0.2911213939259822,-0.4820510282571263
id889,ville7,-0.9673024062025734,-0.6133445079142088,-1.3087785313420934
id513,ville8,1.5994396364726193,0.32652737426646034,-0.06868727671464268
id974,ville16,-0.6592933610815502,1.6559428181854317,1.5847677294552918
id586,ville0,0.7267473419630539,-0.9483127552143429,-0.6198389454379541
id843,ville13,1.394100273058604,0.11149409941427664,0.4824643920086688
id566,ville0,1.5994396364726193,0.5020180560227258,0.1379945990565991
id66,ville7,-0.6592933610815502,-0.041447500328613884,-0.5509449868475402
id833,ville7,-0.9673024062025734,-0.46889966371258995,-0.41315706966671234
id823,ville5,-0.45395399766753475,-1.0084436405833426,-0.4820510282571263
id273,ville18,0.8294170236700616,-0.8437373023986913,-0.06868727671464268
id737,ville7,-0.14594495254651163,0.09025221056109739,1.240297936503222
id701,ville7,1.1887609096445886,-1.361058995546118,-1.0332026969804378
id177,ville19,-1.2753114513235964,-1.0342607054972066,-0.8954147797996099
id52,ville7,-0.5052888385210387,-0.06661096866238006,0.8958281435511524
id60,ville6,-1.429315973884108,-0.5332789268522254,-1.2398845727516796
id829,ville2,-0.9673024062025734,-1.055502594350386,-2.1355060344270607
id627,ville16,-0.40261915681403093,-0.5179194072199267,0.275782516237427
id780,ville4,1.6507744773261233,-1.1695551975774559,-0.5509449868475402
id600,ville11,-0.9673024062025734,-0.10582676346824943,1.5847677294552918
id943,ville3,0.5727428194025423,0.11476208231476574,-0.6887329040283681
id183,ville2,-1.2239766104700927,2.5977754901063945,1.6536616880457058
id708,ville7,-1.2239766104700927,-0.06465017892208659,1.446979812274464
id868,ville7,0.2647337742815192,2.8579069289853276,1.9292375224073615
id644,ville7,-0.24861463425351935,0.5147631893346333,0.9647221021415664
id732,ville7,0.9834215462305732,0.1677034053026894,1.1025100193223942
id322,ville16,0.5727428194025423,-1.7996223007917571,-1.0332026969804378
id607,ville2,-1.3779811330306042,0.08240905159992352,-0.20647519389547056
id867,ville7,1.3427654322051001,-0.597658189991861,-1.4465664485229215
id706,ville17,-1.5833204964446195,-0.6538674958802738,0.20688855764701305
id728,ville15,1.4454351139121078,0.4092073416488349,1.0336160607319802
id810,ville7,-0.9159675653490694,-0.05974820457135292,-1.0332026969804378
id789,ville7,0.4700731376955346,-1.5845890259395734,-1.1709906141612656
id723,ville11,-0.9673024062025734,-1.689164478755225,-1.7910362414749912
id807,ville8,-0.6592933610815502,0.316723425564993,-0.5509449868475402
id905,ville7,0.9834215462305732,0.31018745976401474,-0.826520821209196
id570,ville0,1.7021093181796272,1.1748957352334342,2.618177108311501
id20,ville7,0.21339893342801533,-0.36530460576708507,0.4824643920086688
id147,ville5,1.086091227937581,0.06378154906713558,-0.13758123530505662
id870,ville7,-0.7619630427885579,-0.8734759467931422,-0.06868727671464268
id47,ville6,1.753444159033131,-1.2041958163226405,-0.2753691524858845
id100,ville7,0.7780821828165577,1.1840460873548038,0.4135704334182549
id476,ville0,-0.2999494751070232,0.7082277770435887,0.06910064046618519
id308,ville7,0.9320867053770693,1.7360083992474151,0.7580402263703245
id145,ville7,0.7780821828165577,2.581435575603949,2.342601273949845
id825,ville11,1.6507744773261233,1.1546342412504018,2.8937529426731565
id720,ville11,-1.6346553372981234,-1.8519100271995828,-1.1709906141612656
id937,ville7,1.2914305913515962,-0.7391618495830397,-0.5509449868475402
id102,ville7,-1.0186372470560772,0.45953427831636723,-0.2753691524858845
id237,ville0,1.7021093181796272,0.6353517583626815,0.4135704334182549
id8,ville16,-1.5833204964446195,-0.24961801108977041,-1.1020966555708518
id352,ville10,0.1620640925745115,1.4788181449789217,1.5158737708648777
id404,ville7,0.008059570013999925,0.11508888060481466,0.06910064046618519
id604,ville5,0.5727428194025423,1.04711760382431,0.8958281435511524
id748,ville7,1.034756387084077,-1.3381831152426942,-0.6887329040283681
id350,ville16,-0.6592933610815502,-1.9790345620286094,-0.5509449868475402
id808,ville7,-1.069972087909581,-0.7839332153197405,-0.13758123530505662
id216,ville0,0.8294170236700616,-0.6662858309021324,-0.41315706966671234
id115,ville7,0.1620640925745115,2.1513690258995815,2.1359193981786033
id616,ville2,-0.09461011169300779,0.342540490478857,0.00020668187577124964
id648,ville9,-1.429315973884108,-0.6587694702310074,0.3446764748278409
id611,ville19,-1.3266462921771003,0.6284889942716544,0.9647221021415664
id554,ville16,-0.710628201935054,0.7284892710266213,1.37808585368405
id673,ville5,1.1374260687910847,-0.6169392891047468,1.37808585368405
id126,ville13,1.7021093181796272,-0.3215136349005309,-0.06868727671464268
id367,ville7,-0.1972797934000155,0.8713001237779956,0.20688855764701305
id839,ville0,-1.5319856555911158,2.4716313501475144,1.5158737708648777
id893,ville7,0.9834215462305732,-1.4068107561529655,-0.5509449868475402
id324,ville7,-1.069972087909581,0.8445026639939849,0.8269341849607384
id837,ville7,-0.35128431596052706,0.8262019597512458,-0.826520821209196
id153,ville16,0.7267473419630539,0.6621492181466923,-0.3442631110762984
id382,ville9,-1.0186372470560772,0.748097168429556,1.446979812274464
id975,ville7,-0.6592933610815502,-0.4019060142525631,-0.5509449868475402
id373,ville7,-0.6079585202280463,-0.5198801969602201,-1.4465664485229215
id242,ville7,1.2914305913515962,-0.7594233435660721,0.1379945990565991
id785,ville1,0.4700731376955346,-0.41170996295403045,-0.2753691524858845
id181,ville7,0.008059570013999925,0.9082283305535226,0.00020668187577124964
id632,ville8,1.5994396364726193,-0.3548470604855199,0.3446764748278409
id983,ville0,-0.5052888385210387,-0.9721690303879135,-0.3442631110762984
id32,ville9,1.753444159033131,0.8961367938217129,0.8269341849607384
id353,ville8,-0.5052888385210387,-1.313673243489026,-1.4465664485229215
id12,ville7,1.086091227937581,-0.9107309518587181,-0.826520821209196
id563,ville12,0.7780821828165577,0.19057928560611317,0.00020668187577124964
id457,ville11,0.21339893342801533,0.6539792608954695,1.0336160607319802
id471,ville7,1.2914305913515962,0.4062661570383947,0.8269341849607384
id312,ville7,-1.2239766104700927,-0.9316460424218485,-1.1709906141612656
id170,ville7,-0.45395399766753475,0.18208253006484149,0.4824643920086688
id846,ville7,1.034756387084077,0.21084077958914568,1.1025100193223942
id172,ville8,0.7267473419630539,0.0814286567297768,0.8958281435511524
id667,ville7,1.2914305913515962,-0.1829511599197925,0.5513583505990828
id743,ville7,-0.04327527083950393,1.2650920632869338,0.4135704334182549
id876,ville19,-1.2753114513235964,-0.0476566678395432,-0.2753691524858845
id555,ville8,1.5994396364726193,-0.19079431888096637,-0.06868727671464268
id641,ville12,1.2914305913515962,-0.08033649684443434,-0.2753691524858845
id236,ville16,1.034756387084077,-0.8715151570528488,-0.06868727671464268
id710,ville16,0.11072925172100763,-0.6911225009458497,-1.1020966555708518
id928,ville7,-1.5319856555911158,-0.07510772420365175,-0.2753691524858845
id572,ville6,-1.3266462921771003,-1.6440663147284753,-1.4465664485229215
id101,ville7,-1.0186372470560772,1.1451570908389832,-0.20647519389547056
id453,ville8,-1.1213069287630848,-0.6940636855562898,-0.5509449868475402
id28,ville7,0.5214079785490384,-0.0849116729051191,-0.2753691524858845
id163,ville8,-0.9673024062025734,0.25397815387560196,0.4135704334182549
id548,ville13,0.67541250110955,1.2193403026800862,2.618177108311501
id773,ville5,0.7780821828165577,0.3399261041584657,1.1714039779128083
id246,ville7,-0.45395399766753475,-0.27674226916383005,0.6891462677799106
id692,ville7,-1.2753114513235964,0.08535023621036372,-0.2753691524858845
id869,ville11,-1.1726417696165887,-0.3947164518714871,-0.6887329040283681
id270,ville5,0.6240776602560462,-0.32118683661048203,0.00020668187577124964
id250,ville7,-1.6346553372981234,0.42816164247167177,-0.3442631110762984
id190,ville7,0.7267473419630539,-0.2280493239465423,-1.4465664485229215
id375,ville16,1.086091227937581,1.105287699453016,1.240297936503222
id232,ville2,-0.7619630427885579,0.5069200303734593,0.20688855764701305
id429,ville7,-0.45395399766753475,1.4605174407361827,0.5513583505990828
id654,ville3,-0.24861463425351935,-0.4819715953145464,0.275782516237427
id859,ville13,1.034756387084077,-1.9855705278295877,-0.9643087383900238
id94,ville7,1.7021093181796272,-1.5244581405705737,0.275782516237427
id851,ville8,-1.5319856555911158,0.4755473945287639,0.8958281435511524
id583,ville7,0.8807518645235655,-1.910080122828289,-0.6887329040283681
id828,ville16,0.9834215462305732,0.016395797010043428,-0.06868727671464268
id424,ville7,-0.9673024062025734,0.6232602216308718,-0.6887329040283681
id591,ville7,-0.9159675653490694,1.2039807830477873,1.446979812274464
id531,ville7,-0.04327527083950393,-2.5218465217998514,-1.7910362414749912
id551,ville7,-0.24861463425351935,0.060186767876597554,0.06910064046618519
id292,ville0,1.753444159033131,0.3232593913659712,0.6202523091894967
id39,ville1,-0.8132978836420618,1.5003868321221498,1.446979812274464
id287,ville11,0.008059570013999925,0.4892729227108182,-0.20647519389547056
id875,ville0,0.5727428194025423,0.007899041468771732,-0.6887329040283681
id53,ville11,-0.09461011169300779,-0.9130185398890605,0.6891462677799106
id294,ville7,-0.04327527083950393,-0.8633451998016259,-0.3442631110762984
id89,ville7,-0.8646327244955656,1.1853532805149993,1.7225556466361196
id64,ville5,-0.09461011169300779,-0.9881821466003101,-0.7576268626187821
id703,ville19,0.4700731376955346,1.2448305693039012,1.1714039779128083
id76,ville8,0.2647337742815192,1.0438496209238208,1.5847677294552918
id687,ville18,-0.710628201935054,0.21737674539012392,0.3446764748278409
id527,ville0,1.5481047956191156,-2.492761473985498,-1.7910362414749912
id160,ville4,-0.04327527083950393,-2.7205398821495894,-1.5154604071133353
id139,ville12,-0.6079585202280463,0.9124767083241584,-0.2753691524858845
id721,ville11,-0.35128431596052706,0.4621486646367585,0.4824643920086688
id724,ville12,0.31606861513502305,0.6726067634282574,0.3446764748278409
id240,ville11,0.8294170236700616,-1.2597515256309555,-0.8954147797996099
id620,ville5,1.6507744773261233,1.7641130521916215,2.273707315359431
id298,ville8,-0.5566236793745425,1.7543091034901541,0.6891462677799106
id702,ville7,0.21339893342801533,0.5389462627982528,1.5158737708648777
id169,ville7,0.5214079785490384,0.8670517460073597,1.446979812274464
id154,ville7,0.4700731376955346,0.33927250757836785,0.6891462677799106
id198,ville7,-1.6346553372981234,0.29352074697152025,0.8958281435511524
id238,ville7,1.086091227937581,-0.37739614249889475,-0.4820510282571263
id428,ville7,-1.5833204964446195,-1.0519078131598478,-0.7576268626187821
id887,ville7,-0.09461011169300779,-0.8424301092384956,-0.826520821209196
id182,ville8,-1.069972087909581,-0.5434096738437417,-0.4820510282571263
id613,ville7,-1.5319856555911158,0.09188620201134196,1.240297936503222
id38,ville2,-1.2239766104700927,0.7690122589926863,0.8269341849607384
id792,ville5,-1.5833204964446195,-0.7927567691510611,-0.6198389454379541
id568,ville0,-0.35128431596052706,-0.7381814547128929,-0.6198389454379541
id434,ville9,1.2400957504980925,0.24123302056369444,0.6202523091894967
id579,ville7,-0.6079585202280463,-0.5496188413546711,-1.3776724899325075
id225,ville11,0.4700731376955346,0.39286742714638934,1.446979812274464
id856,ville20,1.086091227937581,2.3686898887821073,1.7225556466361196
id769,ville5,-1.3266462921771003,-0.8636719980916748,-2.066612075836647
id166,ville7,1.2914305913515962,1.2451573675939502,0.8269341849607384
id637,ville7,0.05939441086750378,-0.5669391507272633,-1.0332026969804378
id138,ville1,0.9834215462305732,-0.33001039044180264,-0.7576268626187821
id739,ville7,-1.3266462921771003,0.3157430306948462,1.0336160607319802
id445,ville8,1.4967699547656117,-0.8424301092384956,-0.06868727671464268
id358,ville7,-0.09461011169300779,1.381759052834395,1.240297936503222
id264,ville7,-0.40261915681403093,1.2856803555600151,1.446979812274464
id329,ville7,-1.429315973884108,0.3781615040941883,0.3446764748278409
id630,ville7,-1.2239766104700927,0.41966488693040005,0.6891462677799106
id30,ville7,-0.1972797934000155,0.7503847564598983,0.3446764748278409
id208,ville7,0.05939441086750378,0.40561256045829686,0.4824643920086688
id902,ville7,0.8294170236700616,-1.7202103163098716,-0.2753691524858845
id397,ville5,-1.1213069287630848,0.5150899876246822,-0.06868727671464268
id500,ville7,0.21339893342801533,-0.12183987968064608,0.06910064046618519
id992,ville7,-0.9673024062025734,1.1252223951459996,1.1714039779128083
id760,ville0,1.2914305913515962,-0.8038679110127241,-0.4820510282571263
id50,ville7,-1.1726417696165887,-0.5267429610512473,-1.2398845727516796
id886,ville2,-0.04327527083950393,-0.1535393138153905,0.6891462677799106
id977,ville7,1.394100273058604,2.2931994837808087,1.9981314809977755
id699,ville9,0.5214079785490384,-0.2822978400946616,-0.3442631110762984
id400,ville7,1.2400957504980925,-0.1796831770193034,1.1025100193223942
id135,ville8,1.7021093181796272,-0.4695532602926878,0.06910064046618519
id897,ville4,-1.3779811330306042,-1.714981543669089,-1.5154604071133353
id175,ville7,-1.1726417696165887,-1.7143279470889912,-0.9643087383900238
id605,ville5,0.6240776602560462,-0.5126906345791441,0.1379945990565991
id947,ville13,0.05939441086750378,-0.9313192441317996,-1.5154604071133353
id925,ville4,-1.069972087909581,0.9909082979358971,0.6202523091894967
id15,ville11,-0.5052888385210387,-0.944391175733756,0.6202523091894967
id564,ville7,1.086091227937581,0.2232591146110043,-0.2753691524858845
id550,ville7,-0.8646327244955656,-0.5048474756179702,-1.3087785313420934
id798,ville7,-1.2239766104700927,-0.17576159753871645,0.9647221021415664
id890,ville1,0.7267473419630539,-0.7349134718124039,-0.13758123530505662
id660,ville7,0.21339893342801533,-1.4960266893363183,0.06910064046618519
id467,ville13,-1.3266462921771003,-0.010074864483918393,-0.2753691524858845
id573,ville5,-0.5566236793745425,0.9373133783678756,-0.7576268626187821
id666,ville5,-1.1726417696165887,0.5624757396817743,-0.13758123530505662
id569,ville7,1.4454351139121078,-0.398638031352074,-0.7576268626187821
id355,ville5,-1.1213069287630848,2.0588851098157392,0.9647221021415664
id368,ville5,1.5481047956191156,-0.9172669176596964,1.9292375224073615
id948,ville19,0.21339893342801533,0.2971155281620583,-0.20647519389547056
id248,ville7,-0.24861463425351935,0.8170516076298763,1.6536616880457058
id803,ville7,1.5994396364726193,-1.72674628211085,0.3446764748278409
id705,ville8,0.8807518645235655,1.3291445281365204,0.6891462677799106
id37,ville7,0.4700731376955346,0.3043050905431343,-0.3442631110762984
id598,ville5,0.3674034559885269,0.8128032298592405,0.275782516237427
id549,ville17,-0.1972797934000155,0.07554628750889639,0.8269341849607384
id77,ville7,0.67541250110955,-0.5617103780864808,-0.6887329040283681
id29,ville4,0.008059570013999925,-0.6388347745380238,1.1025100193223942
id942,ville11,-0.40261915681403093,-0.9862213568600167,0.275782516237427
id369,ville0,0.5727428194025423,-0.1891603274307218,-0.06868727671464268
id735,ville18,-1.1213069287630848,1.3765302801936126,0.275782516237427
id998,ville5,-1.2753114513235964,-0.8388353280479576,-0.6198389454379541
id546,ville1,-1.1213069287630848,1.0150913713995167,-0.2753691524858845
id90,ville7,0.4700731376955346,-0.3584418416760579,-0.13758123530505662
id339,ville18,0.4700731376955346,-1.1097511104985052,-0.8954147797996099
id125,ville7,0.05939441086750378,0.18273612664493932,0.4824643920086688
id148,ville8,1.4967699547656117,1.109209278933603,1.240297936503222
id700,ville8,-1.0186372470560772,-0.5156318191895842,0.20688855764701305
id845,ville2,-1.2753114513235964,0.07685348066909203,-0.8954147797996099
id388,ville5,0.05939441086750378,-0.413343954404275,0.8958281435511524
id257,ville5,-1.3266462921771003,-0.6241288514858229,-1.3087785313420934
id556,ville11,-1.5319856555911158,-1.1496205018844723,-0.9643087383900238
id574,ville7,-1.2753114513235964,-0.12510786258113518,-0.8954147797996099
id962,ville7,-0.6079585202280463,0.2461349949144281,-0.7576268626187821
id42,ville11,1.753444159033131,0.40561256045829686,1.5158737708648777
id909,ville11,-0.2999494751070232,-0.013342847384407506,-1.0332026969804378
id697,ville2,1.4967699547656117,1.0918889695610108,1.0336160607319802
id437,ville7,-1.4806508147376118,-1.6211904344250514,-0.826520821209196
id831,ville4,0.8294170236700616,-0.31857245029009074,-0.7576268626187821
id187,ville7,-1.2239766104700927,-1.4950462944661715,-3.237809371873684
id722,ville8,1.753444159033131,-0.22968331539678682,-0.20647519389547056
id814,ville16,-1.3779811330306042,0.04646123969454327,-1.0332026969804378
id319,ville7,-1.5833204964446195,0.6775087377789911,0.6202523091894967
id117,ville7,0.6240776602560462,-0.34798429639449274,-0.13758123530505662
id490,ville6,-0.2999494751070232,0.26443569915716714,-0.13758123530505662
id116,ville2,1.4967699547656117,-0.34406271691390583,-0.6887329040283681
id646,ville7,0.67541250110955,2.007904576568109,0.6891462677799106
id805,ville2,-0.7619630427885579,-0.5685731421775079,0.06910064046618519
id726,ville7,0.11072925172100763,1.4379683587228078,0.8958281435511524
id913,ville7,0.8294170236700616,-0.5391612960731059,0.4135704334182549
id662,ville7,1.753444159033131,-0.5460240601641331,-0.6198389454379541
id379,ville7,-0.9159675653490694,1.6294721566914698,0.6891462677799106
id626,ville11,-1.4806508147376118,-0.8427569075285446,-1.2398845727516796
id256,ville8,-0.6079585202280463,-0.7568089572456809,-0.826520821209196
id529,ville8,1.5994396364726193,0.4327368185323565,0.8958281435511524
id415,ville18,0.67541250110955,-1.5666151199868832,-1.3087785313420934
id439,ville16,0.9320867053770693,-0.13164382838211341,0.5513583505990828
id305,ville16,1.394100273058604,-0.4564813286907313,-1.3776724899325075
id432,ville5,1.753444159033131,-0.26367033756187364,-0.6887329040283681
id206,ville7,-0.9159675653490694,1.086986995210277,1.5847677294552918
id763,ville8,-1.6346553372981234,-0.3407947340134167,-1.2398845727516796
id533,ville7,-1.5319856555911158,1.0177057577199078,-1.4465664485229215
id824,ville7,-1.3266462921771003,-0.9051753809278866,-1.2398845727516796
id259,ville7,-0.5052888385210387,-1.464000456911525,-0.3442631110762984
id109,ville0,-0.14594495254651163,-0.2885070076055909,-1.3776724899325075
id506,ville19,0.8807518645235655,1.4180336630298243,0.9647221021415664
id306,ville0,1.4967699547656117,0.8235875734308545,0.4824643920086688
id231,ville7,1.2914305913515962,-1.5107326123885194,-0.9643087383900238
id426,ville7,0.4700731376955346,-0.38883408265060665,-0.13758123530505662
id301,ville7,-0.1972797934000155,-1.548968012324242,0.20688855764701305
id659,ville7,0.1620640925745115,0.1762001608439611,0.1379945990565991
id391,ville7,-0.5566236793745425,-0.45386694237034003,-0.4820510282571263
id113,ville7,-0.5566236793745425,-1.7417790034530998,-1.0332026969804378
id558,ville7,0.11072925172100763,0.4977696782520899,0.5513583505990828
id191,ville7,1.753444159033131,-1.1296858061914887,-0.4820510282571263
id362,ville8,-1.1213069287630848,0.19842244456728705,0.6202523091894967
id473,ville7,0.05939441086750378,0.5961359635568122,0.20688855764701305
id479,ville20,0.21339893342801533,-3.039168214947278,-2.617763744559958
id87,ville7,0.8294170236700616,-0.0849116729051191,-0.9643087383900238
id427,ville9,0.05939441086750378,1.2696672393476185,-0.13758123530505662
id985,ville2,1.4967699547656117,2.1994083745367714,2.0670254395881895
id514,ville8,-0.9159675653490694,-0.04602267638929864,-0.7576268626187821
id590,ville7,-1.1213069287630848,0.24450100346418357,-1.2398845727516796
id84,ville7,-0.6592933610815502,-1.3215164024501997,0.20688855764701305
id164,ville7,0.7780821828165577,1.1513662583499127,1.240297936503222
id474,ville7,-0.09461011169300779,-2.187205072789766,-0.8954147797996099
id48,ville7,1.6507744773261233,0.7085545753336377,1.446979812274464
id344,ville9,-0.8646327244955656,-0.9751102149983537,-1.928824158655819
id416,ville6,-1.1726417696165887,-1.6947200496860564,-1.5154604071133353
id612,ville7,0.5727428194025423,-0.590468627610785,-1.2398845727516796
id185,ville13,0.008059570013999925,0.6539792608954695,0.20688855764701305
id585,ville5,-0.5566236793745425,-0.13817979418309165,0.20688855764701305
id93,ville1,1.034756387084077,0.8735877118083379,0.8958281435511524
id7,ville7,-0.6592933610815502,1.268360046187423,-0.5509449868475402
id934,ville7,0.7780821828165577,1.9409109271080824,1.1025100193223942
id51,ville13,0.7780821828165577,-0.22216695472566186,0.7580402263703245
id234,ville7,-0.5052888385210387,1.4428703330735415,0.7580402263703245
id578,ville7,1.5994396364726193,0.17521976597381436,0.4824643920086688
id128,ville7,-0.09461011169300779,0.559861353361383,-0.2753691524858845
id311,ville7,1.2400957504980925,0.30757307344362345,0.1379945990565991
id508,ville7,-0.8646327244955656,1.0882941883704726,-0.8954147797996099
id532,ville7,-0.6592933610815502,-0.32608881096121567,-0.7576268626187821
id770,ville7,-0.5052888385210387,-1.1865487086599993,0.275782516237427
id99,ville7,0.2647337742815192,2.3330688751667763,1.446979812274464
id571,ville9,1.394100273058604,-0.6649786377419368,-0.3442631110762984
id249,ville7,1.4454351139121078,0.3771811092240416,0.4135704334182549
id813,ville7,-1.429315973884108,1.2425429812735589,1.0336160607319802
id487,ville7,0.11072925172100763,0.12064445153564615,0.1379945990565991
id342,ville8,1.1887609096445886,1.8003876623870505,0.7580402263703245
id393,ville7,0.6240776602560462,-1.335241930632254,-0.9643087383900238
id402,ville0,-0.6079585202280463,1.813459593989007,0.8269341849607384
id946,ville7,0.9834215462305732,-0.5666123524372144,-0.20647519389547056
id341,ville7,1.5481047956191156,0.35593922037086234,-0.06868727671464268
id761,ville8,-0.24861463425351935,-0.7653057127869526,-1.7221422828845772
id162,ville14,-1.069972087909581,-0.7780508460988601,0.20688855764701305
id289,ville7,0.31606861513502305,-0.21268980431424345,-1.3087785313420934
id729,ville4,0.8807518645235655,-0.3780497390789926,-0.5509449868475402
id371,ville8,-1.2753114513235964,0.03404290467268464,-1.1709906141612656
id645,ville9,-0.24861463425351935,-1.4068107561529655,-1.3776724899325075
id85,ville4,-1.5833204964446195,0.36476277420218295,-0.826520821209196
id765,ville13,1.034756387084077,-0.5803378806192687,-0.826520821209196
id522,ville11,0.31606861513502305,-0.23556568461766725,-1.3087785313420934
id993,ville7,-1.069972087909581,-0.6254360446460185,0.00020668187577124964
id444,ville2,-1.3266462921771003,0.6121490797692088,-0.13758123530505662
id290,ville12,1.4967699547656117,-1.4590984825607913,-0.7576268626187821
id657,ville0,0.05939441086750378,0.5846980234051002,-0.9643087383900238
id606,ville7,0.2647337742815192,0.8239143717209034,-0.13758123530505662
id286,ville7,-0.40261915681403093,2.2941798786509557,2.0670254395881895
id65,ville15,0.8294170236700616,0.7409076060484799,-0.6198389454379541
id679,ville7,0.5214079785490384,-1.0607313669911684,-0.8954147797996099
id253,ville7,-0.14594495254651163,-1.0934111959960595,1.1714039779128083
id520,ville18,-1.069972087909581,-0.7649789144969037,-0.8954147797996099
id431,ville7,-1.429315973884108,0.20430481378816745,0.8269341849607384
id903,ville0,0.1620640925745115,0.7327376487972571,0.06910064046618519
id19,ville7,0.3674034559885269,-0.4643244876519052,1.1714039779128083
id755,ville7,1.394100273058604,0.6758747463287466,0.8269341849607384
id461,ville7,0.05939441086750378,0.5690117054827526,1.9292375224073615
id268,ville7,1.753444159033131,0.1971152514070914,0.6202523091894967
id970,ville7,1.3427654322051001,-1.0708621139826846,-1.3087785313420934
id366,ville1,-1.2753114513235964,-0.8492928733295227,-1.5843543657037493
id661,ville5,0.7780821828165577,-0.06072859944149966,1.240297936503222
id228,ville7,-0.40261915681403093,1.1997324052771514,0.7580402263703245
id17,ville7,0.4700731376955346,-0.1649772539671024,0.00020668187577124964
id603,ville5,1.2400957504980925,-0.10746075491849398,-0.3442631110762984
id254,ville8,1.394100273058604,1.3435236528986725,1.240297936503222
id534,ville7,-1.0186372470560772,-0.2005982675824337,-0.7576268626187821
id220,ville7,-1.2239766104700927,-0.5254357678910516,-0.41315706966671234
id21,ville7,-1.6346553372981234,0.17489296768376544,-0.4820510282571263
id707,ville8,1.5994396364726193,-1.242431216258363,-1.859930200065405
id317,ville5,-1.5833204964446195,0.08567703450041264,-1.1020966555708518
id716,ville7,0.05939441086750378,-0.5417756823934972,0.6891462677799106
id96,ville0,-1.2239766104700927,-0.34504311178405256,-0.826520821209196
id516,ville7,0.11072925172100763,-0.07314693446335829,-1.4465664485229215
id499,ville7,-0.9673024062025734,-0.001578108942646697,-0.13758123530505662
id376,ville7,-1.1726417696165887,-2.3136760110386945,-2.066612075836647
id213,ville7,-0.5566236793745425,0.537965867928106,1.9981314809977755
id440,ville19,1.5994396364726193,1.386007430605031,2.480389191130673
id55,ville6,0.6240776602560462,1.0487515952745545,0.8958281435511524
id866,ville4,-0.35128431596052706,-0.32510841609106894,-1.1020966555708518
id263,ville4,1.2914305913515962,-1.1450453258237876,-2.204399993017475
id752,ville13,1.753444159033131,-0.07020574985291808,0.5513583505990828
id862,ville16,-0.6079585202280463,0.5445018337290842,0.7580402263703245
id581,ville7,0.67541250110955,-1.4450461560886882,-1.1709906141612656
id899,ville7,-1.5319856555911158,-2.1724991497375647,-1.1020966555708518
id936,ville7,-0.710628201935054,0.9663984261822288,1.9292375224073615
id176,ville0,1.4454351139121078,-1.837204104147382,-0.20647519389547056
id106,ville8,0.5727428194025423,-0.7787044426789579,0.00020668187577124964
id938,ville7,-1.3266462921771003,0.4784885791392041,-0.06868727671464268
id751,ville7,-1.1213069287630848,2.5706512320323345,1.240297936503222
id719,ville5,0.21339893342801533,-1.4136735202439927,-0.6887329040283681
id152,ville7,1.5481047956191156,-0.23719967606791179,-0.5509449868475402
id541,ville7,1.4967699547656117,-0.04242789519876062,1.0336160607319802
id495,ville7,0.11072925172100763,2.665749534436568,1.5847677294552918
id361,ville8,1.7021093181796272,0.07848747211933658,-0.06868727671464268
id678,ville4,-0.5052888385210387,1.9065971066529468,1.8603435638169474
id882,ville7,0.4700731376955346,-0.20484664535306957,-0.9643087383900238
id523,ville7,0.4700731376955346,-0.44635058169921504,-0.826520821209196
id36,ville2,-1.069972087909581,0.1219516446958418,0.06910064046618519
id486,ville2,-0.2999494751070232,-1.3950460177112047,-0.5509449868475402
id927,ville7,1.7021093181796272,-0.9130185398890605,-0.826520821209196
id973,ville11,-1.429315973884108,-1.2823006076443304,-1.3776724899325075
id326,ville7,1.4967699547656117,-0.23229770171717812,0.4824643920086688
id865,ville2,-1.2753114513235964,-0.1509249274949992,0.3446764748278409
id872,ville18,1.5481047956191156,-1.958119471465479,-0.4820510282571263
id143,ville18,1.4967699547656117,-1.2937385477960421,-0.20647519389547056
id781,ville16,1.6507744773261233,0.9644376364419353,1.0336160607319802
id966,ville3,1.034756387084077,-0.25844156492109105,0.9647221021415664
id31,ville7,-0.09461011169300779,0.3614947913016938,-0.3442631110762984
id142,ville2,-0.710628201935054,-0.3600758331263025,-0.2753691524858845
id43,ville7,-1.2239766104700927,0.09776857123222236,0.06910064046618519
id622,ville9,-0.9673024062025734,-0.7548481675053874,-0.9643087383900238
id624,ville13,0.2647337742815192,-0.3600758331263025,-0.5509449868475402
id488,ville5,-0.45395399766753475,-0.19667668810184677,-0.20647519389547056
id211,ville15,-0.35128431596052706,0.6549596557656162,0.1379945990565991
id731,ville11,-0.5566236793745425,-0.5120370379990462,-0.826520821209196
id343,ville7,-0.5052888385210387,0.39384782201653606,-0.13758123530505662
id894,ville8,1.3427654322051001,-1.3107320588785856,0.7580402263703245
id511,ville8,0.8294170236700616,-1.4564840962404002,-0.4820510282571263
id27,ville18,-0.24861463425351935,0.47424020136856826,0.1379945990565991
id609,ville5,1.1887609096445886,0.018683385040385806,0.06910064046618519
id279,ville11,0.008059570013999925,-0.6770701744737465,0.6891462677799106
id318,ville7,1.7021093181796272,1.9886234774552236,1.5158737708648777
id670,ville14,-0.6592933610815502,-0.7149787761194202,-0.06868727671464268
id883,ville9,-0.35128431596052706,0.9935226842562884,0.3446764748278409
id596,ville5,-1.1726417696165887,0.5147631893346333,0.5513583505990828
id347,ville7,-0.5052888385210387,-0.2617095478215801,0.4135704334182549
id272,ville5,0.6240776602560462,1.8902571921505011,0.7580402263703245
id956,ville0,-0.5052888385210387,-0.6538674958802738,0.3446764748278409
id469,ville7,0.21339893342801533,-0.38818048607050887,0.275782516237427
id505,ville9,0.008059570013999925,3.7948376265555566,3.169328777034812
id688,ville10,-0.14594495254651163,1.009862598758734,0.4135704334182549
id472,ville7,-0.7619630427885579,0.5131291978843887,0.06910064046618519
id959,ville5,0.5214079785490384,-0.1306634335119667,1.0336160607319802
id396,ville7,0.21339893342801533,-0.1852387479501349,0.1379945990565991
id860,ville9,-0.09461011169300779,-1.6336087694469101,-2.4110818687887163
id984,ville5,1.7021093181796272,1.2405821915332653,0.5513583505990828
id754,ville12,-0.6592933610815502,-0.23262450000722704,-0.5509449868475402
id552,ville7,-1.4806508147376118,-0.6447171437589043,-1.4465664485229215
id146,ville7,1.3427654322051001,-0.6257628429360674,0.3446764748278409
id18,ville13,-1.3266462921771003,-0.5414488841034483,-0.7576268626187821
id275,ville7,-1.0186372470560772,0.19809564627723814,0.5513583505990828
id587,ville2,1.1887609096445886,-1.180012742859021,-0.41315706966671234
id501,ville7,0.5214079785490384,-0.74504421880392,-1.7221422828845772
id895,ville7,0.9834215462305732,-0.19765708297199353,-1.3776724899325075
id390,ville0,0.3674034559885269,-1.0901432130955704,-0.5509449868475402
id762,ville5,1.753444159033131,-0.09536921818668426,0.7580402263703245
id923,ville7,1.3427654322051001,0.3085534683137702,0.5513583505990828
id515,ville6,-0.24861463425351935,-0.6809917539543334,-0.826520821209196
id111,ville7,-0.14594495254651163,-0.4188995253351065,0.275782516237427
id127,ville8,1.034756387084077,0.8559406041456967,0.5513583505990828
id912,ville3,-0.710628201935054,-0.524128574730856,-1.928824158655819
id356,ville11,-1.6346553372981234,0.4415603723636771,0.20688855764701305
id559,ville4,-1.2753114513235964,-0.34798429639449274,-0.20647519389547056
id61,ville11,-1.2753114513235964,-0.15255891894524376,-0.8954147797996099
id95,ville7,1.2400957504980925,1.4170532681596775,0.7580402263703245
id623,ville8,1.4454351139121078,0.0935201934615865,-1.0332026969804378
id392,ville7,-0.5566236793745425,0.7337180436674039,1.1025100193223942
id944,ville17,-0.14594495254651163,-0.03131675333709763,0.6202523091894967
id331,ville13,1.5994396364726193,-0.21530419063463474,0.7580402263703245
id233,ville15,-0.9673024062025734,-0.564651562696921,-1.5843543657037493
id202,ville7,0.11072925172100763,-0.1401405839233851,-0.13758123530505662
id930,ville15,-1.6346553372981234,-0.16138247277656437,-0.8954147797996099
id67,ville7,1.034756387084077,0.8101888435388491,0.06910064046618519
id1,ville8,-1.3266462921771003,-0.7218415402104473,-1.9977181172462328
id593,ville0,-0.24861463425351935,0.9755487783035983,0.4824643920086688
id714,ville7,-0.7619630427885579,0.08404304305016808,-1.1709906141612656
id149,ville7,-1.2239766104700927,0.17064458991312959,1.1714039779128083
id349,ville7,0.5214079785490384,-0.6682466206424259,-1.1709906141612656
id328,ville7,-0.2999494751070232,0.9150910946445496,0.4824643920086688
id873,ville19,0.1620640925745115,0.5180311722351224,0.5513583505990828
id651,ville5,1.2914305913515962,0.438292389463188,-0.826520821209196
id271,ville7,0.6240776602560462,1.0706470807078314,1.5847677294552918
id990,ville19,-1.1213069287630848,-0.4414486073484814,0.3446764748278409
id712,ville7,-1.2239766104700927,1.8997343425619195,1.5847677294552918
id524,ville16,1.394100273058604,-0.05125144903008123,0.5513583505990828
id881,ville7,-1.0186372470560772,1.5065959996330793,1.1025100193223942
id75,ville8,-1.3266462921771003,0.9059407425231801,1.7225556466361196
id592,ville7,0.5727428194025423,-1.1662872146769667,-1.4465664485229215
id241,ville7,-1.3779811330306042,-1.13230019251188,-0.826520821209196
id655,ville18,-1.069972087909581,-1.1698819958675049,-0.8954147797996099
id300,ville13,-0.2999494751070232,0.6882930813506052,0.6202523091894967
id151,ville12,1.6507744773261233,0.3637823793320362,-0.20647519389547056
id525,ville5,1.086091227937581,0.14907590276990143,1.37808585368405
id816,ville7,-1.1726417696165887,1.7314332231867302,0.8958281435511524
id218,ville18,-0.7619630427885579,-0.8940642390662237,-0.4820510282571263
id774,ville7,0.2647337742815192,-0.9816461807993319,0.06910064046618519
id131,ville8,0.3674034559885269,1.0262025132611796,0.6202523091894967
id414,ville5,0.41873829684203073,-0.3316443818920472,-1.3087785313420934
id251,ville20,-1.5833204964446195,0.4889461244207693,-0.13758123530505662
id337,ville0,0.008059570013999925,0.8533262178253055,1.6536616880457058
id59,ville7,-0.6592933610815502,-0.4590957150111226,-0.6198389454379541
id179,ville7,-1.2239766104700927,0.46051467318651396,1.37808585368405
id2,ville18,-0.6592933610815502,0.11737646863515704,-0.826520821209196
id799,ville7,0.7267473419630539,2.124571566115571,0.3446764748278409
id643,ville8,-0.9673024062025734,2.278493560728608,1.6536616880457058
id463,ville5,0.3674034559885269,1.7173808967146271,2.342601273949845
id631,ville16,-1.4806508147376118,0.21803034197022175,0.4824643920086688
id526,ville7,0.8807518645235655,-0.4734748397732747,-0.41315706966671234
id478,ville8,1.3427654322051001,-0.12347387113089063,0.275782516237427
id217,ville2,-1.5319856555911158,0.2660696906074117,-0.13758123530505662
id683,ville7,1.2914305913515962,0.7448291855290669,0.7580402263703245
id601,ville7,-1.4806508147376118,-0.18425835307998814,-0.8954147797996099
id801,ville7,0.31606861513502305,-0.40909557663363916,0.4135704334182549
id71,ville2,0.41873829684203073,1.2945039093913357,0.4824643920086688
